{"vegas": {"1": {"1": {"delay": 55.281, "loss": 0.00042537737117165353, "tput": 2.8530619922778726}, "all": {"delay": 55.281, "loss": 0.00042537737117165353, "tput": 2.8530619922778726}}}, "bbr": {"1": {"1": {"delay": 261.601, "loss": 0.0024847199600548375, "tput": 8.877990394664442}, "all": {"delay": 261.601, "loss": 0.0024847199600548375, "tput": 8.877990394664442}}}, "cubic": {"1": {"1": {"delay": 790.191, "loss": 0.01847798472497808, "tput": 9.450425975787669}, "all": {"delay": 790.191, "loss": 0.01847798472497808, "tput": 9.450425975787669}}}}