{"bbr": {"1": {"all": {"tput": 9.039827094617676, "delay": 116.456, "loss": 0.0014360159033385278}, "1": {"tput": 9.039827094617676, "delay": 116.456, "loss": 0.0014360159033385278}}}, "cubic": {"1": {"all": {"tput": 11.606970960447924, "delay": 183.578, "loss": 0.006033997185780238}, "1": {"tput": 11.606970960447924, "delay": 183.578, "loss": 0.006033997185780238}}}, "vegas": {"1": {"all": {"tput": 7.038236215441569, "delay": 96.617, "loss": 0.0005973694806473695}, "1": {"tput": 7.038236215441569, "delay": 96.617, "loss": 0.0005973694806473695}}}}