{"cubic": {"1": {"all": {"tput": 0.7939424047522511, "delay": 563.062, "loss": 0.053934789498403246}, "1": {"tput": 0.7939424047522511, "delay": 563.062, "loss": 0.053934789498403246}}}, "fillp": {"1": {"all": {"tput": 0.8179557867672717, "delay": 593.257, "loss": 0.09124437524919782}, "1": {"tput": 0.8179557867672717, "delay": 593.257, "loss": 0.09124437524919782}}}, "vivace": {"1": {"all": {"tput": 0.9412153315707865, "delay": 675.404, "loss": 0.310097367018475}, "1": {"tput": 0.9412153315707865, "delay": 675.404, "loss": 0.310097367018475}}}}