{"vegas": {"1": {"1": {"delay": 108.376, "loss": 0.003580737318722771, "tput": 21.13513311579659}, "all": {"delay": 108.376, "loss": 0.003580737318722771, "tput": 21.13513311579659}}}, "bbr": {"1": {"1": {"delay": 190.18, "loss": 0.026592368571153546, "tput": 60.98427715327344}, "all": {"delay": 190.18, "loss": 0.026592368571153546, "tput": 60.98427715327344}}}, "cubic": {"1": {"1": {"delay": 151.481, "loss": 0.003637294041475836, "tput": 53.74291069662957}, "all": {"delay": 151.481, "loss": 0.003637294041475836, "tput": 53.74291069662957}}}}